Company Name,Country,City/Location,Website,Types of Products,Additional Information
Emirates Global Aluminium (EGA),UAE,Abu Dhabi,www.ega.ae,Primary aluminium, billets, foundry alloys,Aluminium smelting giant; 2.4M tonnes/year capacity; exports to 50+ countries; sustainability focus on low-carbon production; HQ in Al Taweelah.
Ducab,UAE,Dubai,www.ducab.com,Copper/aluminium cables, wires, power conductors,Global energy sector supplier; founded 1979; serves projects like Burj Khalifa; ISO-certified; 1,000+ employees; Dubai Industrial City base.
RAK Ceramics,UAE,Ras Al Khaimah,www.rakceramics.com,Ceramic tiles, porcelain slabs, sanitaryware,Wall/floor solutions for residential/commercial; top exporter; innovation in eco-tiles; 5,000+ employees; serves hospitality sector.
Agthia Group,UAE,Abu Dhabi,www.agthia.com,Bottled water (Al Ain), juices, dairy, snacks,Food/bev portfolio; GCC reach; sustainability via recycled packaging; $1B+ revenue; partners with Yoplait/Nabil.
Julphar,UAE,Ras Al Khaimah,www.julphar.com,Pharmaceuticals, generics, biosimilars,Leading MENA pharma; 2,500+ products; exports to 40 countries; R&D in vaccines; 3,000 employees; GMP-compliant.
Strata Manufacturing,UAE,Al Ain,www.stratamfg.ae,Aerospace components (aircraft parts),High-tech for Airbus/Boeing; Abu Dhabi hub; 1,000+ employees; advanced composites; part of Mubadala.
Dubai Cable Company (Ducab),UAE,Dubai,www.ducab.com,Cables, conductors, accessories,Landmark projects (Dubai Metro); JV with BICC; quality focus; 2,000+ staff; exports to GCC/Africa.
National Food Products Company (NFPC),UAE,Abu Dhabi,www.nfpcuae.com,Dairy (Milco), water (Oasis), bakery, juices,Retail/foodservice; founded 1971; 1,500 employees; halal-certified; UAE-wide distribution.
Mai Dubai,UAE,Dubai,www.maidubaiwater.com,Bottled water, beverages,Sustainable sourcing; 500ML+ employees; awards for eco-packaging; serves hotels/catering; Jebel Ali facility.
Arabian Gulf Steel,UAE,Abu Dhabi,www.arabiangulfsteel.com,Steel products (rebar, billets),Construction/infra materials; regional exports; 800 employees; focus on green steel; KIZAD zone.
Hitachi Ltd. Middle East,UAE,Dubai,www.hitachi.ae,Industrial machinery, electronics,Power systems/automation; global tech; Middle East HQ; serves oil/gas; R&D in smart factories.
Al Ghafia Manufacturing LLC,UAE,Dubai,www.alghafia.com,Doors, cabinets, fittings,Custom wood/metal products; interior solutions; 200+ staff; Sharjah base; exports to GCC.
Gallery Interior Decor LLC,UAE,Dubai,www.giduae.me,CNC-cut decor, carvings, engravings,Hospitality/real estate focus; UV printing; 100 employees; eco-materials; Dubai Silicon Oasis.
Deep Sea Pipes & Fittings Trading LLC,UAE,Dubai,www.deepseapipes.com,Pipes, fittings, valves, gaskets,Oil/gas/plumbing; supplier network; 150 staff; Deira location; ISO 9001.
Prestige Engineering Industries LLC,UAE,Sharjah,www.prestigeengg.com,Steel fabrication, pressure vessels,Oil/gas equipment; 300 employees; ASME-certified; exports to Middle East.
SABIC,Saudi Arabia,Riyadh,www.sabic.com,Petrochemicals, plastics, fertilizers,World's 4th largest; $37B revenue; 33K employees; Vision 2030 pillar; HQ in Jubail/Yanbu.
Petro Rabigh,Saudi Arabia,Rabigh,www.petrorabigh.com,Refined petroleum, chemicals, polymers,$10.9B revenue; Aramco JV; 60K employees; exports globally; focus on sustainable fuels.
Savola Group,Saudi Arabia,Jeddah,www.savola.com,Edible oils, sugar, pasta,Food manufacturing; $6.9B revenue; 23K employees; brands like Afia; GCC distribution.
Safari Group,Saudi Arabia,Riyadh,www.safari.sa,Industrial gases, steel, mining,$6.7B revenue; diversified; 10K employees; oxygen/acetylene production; industrial parks.
Alfanar,Saudi Arabia,Riyadh,www.alfanar.com,Electrical equipment, transformers, EPC,$6.6B revenue; 24K employees; exports to 100+ countries; smart grid tech.
Almarai,Saudi Arabia,Riyadh,www.almarai.com,Dairy, poultry, bakery, juices,World's largest vertically integrated dairy; $5B+ revenue; 40K employees; halal; fresh produce.
Saudi Kayan Petrochemical Co.,Saudi Arabia,Jubail,www.saudikayan.com,Polyethylene, solvents, ethylene glycol,Chemicals; Aramco affiliate; 1,500 employees; export-oriented.
Naqi Water Co.,Saudi Arabia,Jeddah,www.naqiwater.com,Bottled water, beverages,Purified products; 500 employees; eco-bottling; serves Hajj/Umrah; Red Sea plant.
National Petrochemical Co. (Petrochem),Saudi Arabia,Jubail,www.petrochem.com.sa,Aromatics, polymers, ethylene,Basic chemicals; 2,000 employees; Yanbu/Jubail facilities; global supply.
Arabian Contracting Services Co.,Saudi Arabia,Riyadh,www.arabiancontracting.com,Prefabs, steel structures, construction materials,Industrial builds; 1,000 employees; MODON zones; infra projects.
Consolidated Can Manufacturing Co. Ltd.,Saudi Arabia,Jeddah,www.consolidatedcan.com,Metal cans, packaging,Aerosol/beverage cans; 800 employees; sustainable aluminum; GCC exports.
Crystal Arabia For Modern Industries Co. Ltd.,Saudi Arabia,Riyadh,www.crystal-arabia.com,Glass products, containers, tableware,Modern glassware; 600 employees; Dammam plant; luxury focus.
Maaden International Industries for Metal Co. Ltd.,Saudi Arabia,Riyadh,www.maaden.com.sa,Aluminum, base metals, fertilizers,Mining/manufacturing; PIF-owned; 7K employees; Ras Al Khair smelter.
Rose Aljazera Co. Ltd.,Saudi Arabia,Jeddah,www.rosealjazera.com,Plastic products, packaging,Films/bags; 400 employees; Jeddah 2nd Industrial City; eco-plastics.
Saudi Eco Care LLC,Saudi Arabia,Dammam,www.saudiecocare.com,Water treatment equipment, filters,Industrial purification; 300 employees; green tech; serves oil/gas; Eastern Province.
