Name,الأسم,Type,نوع التصنيف,Subtype,نوع التصنيف الفرعي,Block,X Longitude,Y Latitude,Location
INDUSTRIAL AREAS DIRECTORATE,إدارة المناطق الصناعية,INDUSTRIES,الصناعات,INDUSTRIAL AREAS,المناطق الصناعية,951.0,50.60850115,26.07628128,"26.07628128, 50.60850115"
ALHID PORT ICE MAKING FACTORY,مصنع فرضة الحد لصناعة الثلج,INDUSTRIES,الصناعات,INDUSTRIAL COMPLEXES,المنشـآت الصناعية,101.0,50.66050769,26.24173472,"26.24173472, 50.66050769"
ARABIAN GERMAN MANUFACTURING COMPANY - AGMA,الشركة العربية الألمانية للتصنيع - أجما,INDUSTRIES,الصناعات,INDUSTRIAL COMPLEXES,المنشـآت الصناعية,115.0,50.68424057,26.21991306,"26.21991306, 50.68424057"
AMEERI INDUSTRIES - AMETECH,أميري للصناعات - أمتك,INDUSTRIES,الصناعات,INDUSTRIAL COMPLEXES,المنشـآت الصناعية,115.0,50.65991953,26.21331441,"26.21331441, 50.65991953"
TACTILE ROOFING SOLUTIONS,حلول تاكتيل روفينج,INDUSTRIES,الصناعات,INDUSTRIAL COMPLEXES,المنشـآت الصناعية,115.0,50.67153604,26.21917381,"26.21917381, 50.67153604"
THE FOOD SUPPLY COMPANY - FOOSCO,شركة التجهيزات الغذائية المحدودة - فوسكو,INDUSTRIES,الصناعات,INDUSTRIAL COMPLEXES,المنشـآت الصناعية,115.0,50.66745373,26.22181125,"26.22181125, 50.66745373"
ASGHAR ALI COMPANY,شركة أصغرعلي,INDUSTRIES,الصناعات,INDUSTRIAL COMPLEXES,المنشـآت الصناعية,115.0,50.67796487,26.21920307,"26.21920307, 50.67796487"
AWAL GULF MANUFACTURING COMPANY,شركة أوال الخليج للتصنيع,INDUSTRIES,الصناعات,INDUSTRIAL COMPLEXES,المنشـآت الصناعية,115.0,50.66924426,26.21715068,"26.21715068, 50.66924426"
PRAXAIR BAHRAIN COMPANY,شركة براكسير البحرين,INDUSTRIES,الصناعات,INDUSTRIAL COMPLEXES,المنشـآت الصناعية,115.0,50.67887533,26.20747738,"26.20747738, 50.67887533"
POLARIS INTERNATIONAL COMPANY,شركة بولاريس إنترناشيونال,INDUSTRIES,الصناعات,INDUSTRIAL COMPLEXES,المنشـآت الصناعية,115.0,50.66577966,26.21435124,"26.21435124, 50.66577966"
JBF BAHRAIN COMPANY,شركة جيه بي إف البحرين,INDUSTRIES,الصناعات,INDUSTRIAL COMPLEXES,المنشـآت الصناعية,115.0,50.67189936,26.22296778,"26.22296778, 50.67189936"
RAMEZ INDUSTRIAL COMPANY,شركة رامز الصناعية,INDUSTRIES,الصناعات,INDUSTRIAL COMPLEXES,المنشـآت الصناعية,115.0,50.66643583,26.21539945,"26.21539945, 50.66643583"
SAFEWAY GATE FOOD INDUSTRIES COMPANY,شركة سيفوي جيت للصناعات الغذائية,INDUSTRIES,الصناعات,INDUSTRIAL COMPLEXES,المنشـآت الصناعية,115.0,50.66361903,26.21431931,"26.21431931, 50.66361903"
KAVALANI AND SONS COMPANY,شركة كافالاني وأولاده,INDUSTRIES,الصناعات,INDUSTRIAL COMPLEXES,المنشـآت الصناعية,115.0,50.68354427,26.2064609,"26.2064609, 50.68354427"
CHEMCO PLASTIC BAHRAIN COMPANY,شركة كمكو بلاستيك البحرين,INDUSTRIES,الصناعات,INDUSTRIAL COMPLEXES,المنشـآت الصناعية,115.0,50.66578105,26.21386622,"26.21386622, 50.66578105"
BIN MAHMOOD AUTOMATIC BAKERIES AND CATERING FACTORY,مصانع بن محمود للمخابز الآلية والتموين,INDUSTRIES,الصناعات,INDUSTRIAL COMPLEXES,المنشـآت الصناعية,115.0,50.66439269,26.21437343,"26.21437343, 50.66439269"
MUHAMMAD ABDULAZIZ AL HALWACHI FOOD FACTORIES,مصانع محمد عبدالعزيز الحلواجي للأغذية,INDUSTRIES,الصناعات,INDUSTRIAL COMPLEXES,المنشـآت الصناعية,115.0,50.6674972,26.22127991,"26.22127991, 50.6674972"
ALMERAISI MOSAICS GLASS MANUFACTURING FACTORY,مصنع المريسي موزاييك لصناعة الزجاج المصنوع,INDUSTRIES,الصناعات,INDUSTRIAL COMPLEXES,المنشـآت الصناعية,115.0,50.66294751,26.21431842,"26.21431842, 50.66294751"
ILIUM COMPOSITES FACTORY,مصنع إيليوم,INDUSTRIES,الصناعات,INDUSTRIAL COMPLEXES,المنشـآت الصناعية,115.0,50.67868286,26.21796034,"26.21796034, 50.67868286"
BIN MAHMOOD CHOCOLATE FACTORY,مصنع بن محمود للشوكولاتة,INDUSTRIES,الصناعات,INDUSTRIAL COMPLEXES,المنشـآت الصناعية,115.0,50.66733549,26.22023169,"26.22023169, 50.66733549"
SNSI INDUSTRIES - SARENS NASS SMET,مصنع سنسي - سارينس ناس سمت,INDUSTRIES,الصناعات,INDUSTRIAL COMPLEXES,المنشـآت الصناعية,115.0,50.67411111,26.22330489,"26.22330489, 50.67411111"
UNIQUE POWER SWITCHGEARS UPS,مصنع يونيك بور سويتشجير يو بي إس,INDUSTRIES,الصناعات,INDUSTRIAL COMPLEXES,المنشـآت الصناعية,115.0,50.67237599,26.22021712,"26.22021712, 50.67237599"
MONDELEZ BAHRAIN,مونديليز البحرين,INDUSTRIES,الصناعات,INDUSTRIAL COMPLEXES,المنشـآت الصناعية,115.0,50.67234711,26.21610583,"26.21610583, 50.67234711"
EXCELLENCE INDUSTRIAL MAINTENANCE COMPANY,شركة اكسلنس للصيانة الصناعية,INDUSTRIES,الصناعات,INDUSTRIAL COMPLEXES,المنشـآت الصناعية,116.0,50.65424702,26.21554853,"26.21554853, 50.65424702"
GATES E & S BAHRAIN,شركة غيتس اي اند اس البحرين,INDUSTRIES,الصناعات,INDUSTRIAL COMPLEXES,المنشـآت الصناعية,116.0,50.654762,26.215056,"26.215056, 50.654762"
NASS MARINE SERVICES COMPANY,شركة ناس للخدمات البحرية,INDUSTRIES,الصناعات,INDUSTRIAL COMPLEXES,المنشـآت الصناعية,116.0,50.65667124,26.21366627,"26.21366627, 50.65667124"
PRECAST CONCRETE AND BUILDING BLOCKS FACTORY,مصنع الخرسانة الجاهزة وطابوق البناء,INDUSTRIES,الصناعات,INDUSTRIAL COMPLEXES,المنشـآت الصناعية,116.0,50.65785862,26.21350855,"26.21350855, 50.65785862"
MANAMA PACKAGING INDUSTRY,مصنع المنامة للتغليف,INDUSTRIES,الصناعات,INDUSTRIAL COMPLEXES,المنشـآت الصناعية,116.0,50.65561392,26.2147878,"26.2147878, 50.65561392"
ARABIAN DREDGING COMPANY,الشركة العربية لجرف الرمال,INDUSTRIES,الصناعات,INDUSTRIAL COMPLEXES,المنشـآت الصناعية,117.0,50.66559744,26.20465272,"26.20465272, 50.66559744"
KINGDOM READYMIX COMPANY,المملكة للخرسانة,INDUSTRIES,الصناعات,INDUSTRIAL COMPLEXES,المنشـآت الصناعية,117.0,50.6640238,26.20393235,"26.20393235, 50.6640238"
BAHRAIN FERRO ALLOYS - BAFA,شركة بحرين فيرو ألويس - بافا,INDUSTRIES,الصناعات,INDUSTRIAL COMPLEXES,المنشـآت الصناعية,117.0,50.6706859,26.209378,"26.209378, 50.6706859"
BAHRAIN STEEL COMPANY,شركة حديد البحرين,INDUSTRIES,الصناعات,INDUSTRIAL COMPLEXES,المنشـآت الصناعية,117.0,50.67998375,26.20155262,"26.20155262, 50.67998375"
UNIVERSAL ROLLING COMPANY – UNIROL,شركة يونيفرسال رولنج,INDUSTRIES,الصناعات,INDUSTRIAL COMPLEXES,المنشـآت الصناعية,117.0,50.66830751,26.21077942,"26.21077942, 50.66830751"
ARAB SHIPBUILDING AND REPAIR YARD - ASRY,الشركة العربية لبناء وإصلاح السفن - أسري,INDUSTRIES,الصناعات,INDUSTRIAL COMPLEXES,المنشـآت الصناعية,128.0,50.66947015,26.18630066,"26.18630066, 50.66947015"
BAHRAIN WATER BOTTLING AND BEVERAGES COMPANY,شركة البحرين لتعبئة المياه والمشروبات,INDUSTRIES,الصناعات,INDUSTRIAL COMPLEXES,المنشـآت الصناعية,236.0,50.64312307,26.27422134,"26.27422134, 50.64312307"
BAHRAIN AVIATION FUELING COMPANY - BAFCO,شركة البحرين لتزويد وقود الطائرات,INDUSTRIES,الصناعات,INDUSTRIAL COMPLEXES,المنشـآت الصناعية,241.0,50.63851048,26.25591968,"26.25591968, 50.63851048"
ALMANAMA FOOD STUFF COMPANY,مصنع المنامة للأغذية,INDUSTRIES,الصناعات,INDUSTRIAL COMPLEXES,المنشـآت الصناعية,243.0,50.64571501,26.25694366,"26.25694366, 50.64571501"
"AL BURSHAID WORKSHOP FOR ALL TYPES OF AWNINGS, WROUGHT IRON AND ALUMINUM WORKS",ورشة البورشيد لجميع أنواع المظلات والحديد المطاوع وأعمال الألمنيوم,INDUSTRIES,الصناعات,INDUSTRIAL COMPLEXES,المنشـآت الصناعية,243.0,50.64128677,50.64128677,"50.64128677, 50.64128677"
BAHRAINI AMERICAN FOR MIRROR & GLASSES,البحرينية الامريكية للزجاج والمرايا,INDUSTRIES,الصناعات,INDUSTRIAL COMPLEXES,المنشـآت الصناعية,307.0,50.57974975,26.22633015,"26.22633015, 50.57974975"
AL YOUSIF GLASS & MIRRORS COMPANY,شركة اليوسف للزجاج والمرايا,INDUSTRIES,الصناعات,INDUSTRIAL COMPLEXES,المنشـآت الصناعية,309.0,50.58012447,26.22643452,"26.22643452, 50.58012447"
AWAL PLASTICS,أوال بلاستك,INDUSTRIES,الصناعات,INDUSTRIAL COMPLEXES,المنشـآت الصناعية,312.0,50.57067894,26.22260898,"26.22260898, 50.57067894"
DELMON POULTRY COMPANY - FEEDMILL FACTORY,شركة دلمون للدواجن - مصنع العلف,INDUSTRIES,الصناعات,INDUSTRIAL COMPLEXES,المنشـآت الصناعية,342.0,50.609761,26.204235,"26.204235, 50.609761"
BAHRAIN FIBERGLASS,البحرين للفيبر جلاس,INDUSTRIES,الصناعات,INDUSTRIAL COMPLEXES,المنشـآت الصناعية,343.0,50.59546887,26.19647306,"26.19647306, 50.59546887"
GULF PLASTIC INDUSTRIES,الخليج للصناعات البلاستيكية,INDUSTRIES,الصناعات,INDUSTRIAL COMPLEXES,المنشـآت الصناعية,343.0,50.59553,26.195823,"26.195823, 50.59553"
MIDDLE EAST DETERGENT MANUFACTURE AND TRADING,الشرق الأوسط لصناعة وتجارة المنظفات,INDUSTRIES,الصناعات,INDUSTRIAL COMPLEXES,المنشـآت الصناعية,343.0,50.59464329,26.19745957,"26.19745957, 50.59464329"
AL ZAMIL NAIL AND SCREW FACTORY,مصنع الزامل للمسامير والبراغي,INDUSTRIES,الصناعات,INDUSTRIAL COMPLEXES,المنشـآت الصناعية,343.0,50.60015358,26.20027781,"26.20027781, 50.60015358"
AL MANARATAIN,المنارتين,INDUSTRIES,الصناعات,INDUSTRIAL COMPLEXES,المنشـآت الصناعية,357.0,50.54828923,26.21342459,"26.21342459, 50.54828923"
BAHRAIN NEON,نيون البحرين,INDUSTRIES,الصناعات,INDUSTRIAL COMPLEXES,المنشـآت الصناعية,363.0,50.55489751,26.20894541,"26.20894541, 50.55489751"
AL HAYKI TILES FACTORIES,مصانع الحايكي للبلاط,INDUSTRIES,الصناعات,INDUSTRIAL COMPLEXES,المنشـآت الصناعية,368.0,50.537254,26.20441666,"26.20441666, 50.537254"
AL YOUSIF GLASS & MIRRORS COMPANY,شركة اليوسف للزجاج والمرايا,INDUSTRIES,الصناعات,INDUSTRIAL COMPLEXES,المنشـآت الصناعية,419.0,50.54485989,26.21092629,"26.21092629, 50.54485989"
MUHAMMAD AL JASER FACTORY FOR POLLINATION AND HERBAL WATER,مصنع محمد الجسر لتقطير ماء اللقاح والأدوية الشعبية,INDUSTRIES,الصناعات,INDUSTRIAL COMPLEXES,المنشـآت الصناعية,432.0,50.52819753,26.22986467,"26.22986467, 50.52819753"
SUHAL ALUMINUM,ألمنيوم سهل,INDUSTRIES,الصناعات,INDUSTRIAL COMPLEXES,المنشـآت الصناعية,439.0,50.53200094,26.2029149,"26.2029149, 50.53200094"
AL KHULOOD ALUMINIUM FACTORY,مصنع الخلود للألمنيوم,INDUSTRIES,الصناعات,INDUSTRIAL COMPLEXES,المنشـآت الصناعية,441.0,50.532383,26.202599,"26.202599, 50.532383"
AL JAZEERAH ALUMINUM AND GLASS FACTORY,مصنع الجزيرة للألمنيوم والزجاج,INDUSTRIES,الصناعات,INDUSTRIAL COMPLEXES,المنشـآت الصناعية,543.0,50.45860057,26.20649232,"26.20649232, 50.45860057"
GULF SANDS COMPANY,شركة الخليج للرمال,INDUSTRIES,الصناعات,INDUSTRIAL COMPLEXES,المنشـآت الصناعية,577.0,50.46857642,26.17370188,"26.17370188, 50.46857642"
ARCHITECTURAL WROUGHT IRON SYSTEM,التشكيل المعماري للحديد المطاوع,INDUSTRIES,الصناعات,INDUSTRIAL COMPLEXES,المنشـآت الصناعية,601.0,50.60406242,26.17652074,"26.17652074, 50.60406242"
GULF ACID INDUSTRIES,الخليج لصناعة الاسيد,INDUSTRIES,الصناعات,INDUSTRIAL COMPLEXES,المنشـآت الصناعية,601.0,50.61849726,26.18421238,"26.18421238, 50.61849726"
CELSHI RUBBER & PLASTIC FACTORY,سلشي للبلاستيك والمطاط,INDUSTRIES,الصناعات,INDUSTRIAL COMPLEXES,المنشـآت الصناعية,601.0,50.61693158,26.17923324,"26.17923324, 50.61693158"
BAHRAIN PHARMACEUTICAL COMPANY,شركة البحرين الصيدلية,INDUSTRIES,الصناعات,INDUSTRIAL COMPLEXES,المنشـآت الصناعية,601.0,50.60876712,26.17804035,"26.17804035, 50.60876712"
BAHRAIN MINERAL COMPANY,شركة البحرين للمعادن,INDUSTRIES,الصناعات,INDUSTRIAL COMPLEXES,المنشـآت الصناعية,601.0,50.62100229,26.18490266,"26.18490266, 50.62100229"
AL ZEERA UNITED FACTORIES,مصانع الزيرة المتحدة,INDUSTRIES,الصناعات,INDUSTRIAL COMPLEXES,المنشـآت الصناعية,601.0,50.60946821,26.1809469,"26.1809469, 50.60946821"
BAHRAIN ESTABLISHMENT FOR ICE & WATER,مؤسسة البحرين للثلج والماء,INDUSTRIES,الصناعات,INDUSTRIAL COMPLEXES,المنشـآت الصناعية,601.0,50.60618626,26.18000722,"26.18000722, 50.60618626"
AL KHAJAH ESTABLISHMENT,مؤسسة الخاجة,INDUSTRIES,الصناعات,INDUSTRIAL COMPLEXES,المنشـآت الصناعية,601.0,50.61759887,26.18302562,"26.18302562, 50.61759887"
ASCON CONTROL COMPANY,شركة أسكون كونترول,INDUSTRIES,الصناعات,INDUSTRIAL COMPLEXES,المنشـآت الصناعية,603.0,50.61253614,26.17615131,"26.17615131, 50.61253614"
OILFIELD & TECHNICAL SUPPLIES CENTER (OTSC),شركة مركز معدات حقول النفط والأدوات الفنية,INDUSTRIES,الصناعات,INDUSTRIAL COMPLEXES,المنشـآت الصناعية,606.0,50.60534737,26.16266717,"26.16266717, 50.60534737"
AL MANARATAIN,المنارتين,INDUSTRIES,الصناعات,INDUSTRIAL COMPLEXES,المنشـآت الصناعية,625.0,50.59644583,26.14661373,"26.14661373, 50.59644583"
EBRAHIM RASHID AL JALAHMA,ابراهيم راشد الجلاهمة,INDUSTRIES,الصناعات,INDUSTRIAL COMPLEXES,المنشـآت الصناعية,634.0,50.60811477,26.13216192,"26.13216192, 50.60811477"
AMBATTUR CLOTHING INTERNATIONAL COMPANY,شركة امبتور الدولية للملابس الجاهزة,INDUSTRIES,الصناعات,INDUSTRIAL COMPLEXES,المنشـآت الصناعية,634.0,50.61066126,26.13323167,"26.13323167, 50.61066126"
AHMED RASHID AL JALAHMA & BROTHERS COMPANY,شركة أحمد راشد الجلاهمة وأخوانه,INDUSTRIES,الصناعات,INDUSTRIAL COMPLEXES,المنشـآت الصناعية,634.0,50.60896295,26.12749099,"26.12749099, 50.60896295"
BAHRAIN STEEL FACTORY,مصنع البحرين للحديد المطاوع,INDUSTRIES,الصناعات,INDUSTRIAL COMPLEXES,المنشـآت الصناعية,634.0,50.60928497,26.13187489,"26.13187489, 50.60928497"
AL ZAMIL ALUMINIUM FACTORY,مصنع الزامل للألمنيوم,INDUSTRIES,الصناعات,INDUSTRIAL COMPLEXES,المنشـآت الصناعية,634.0,50.60861939,26.12565616,"26.12565616, 50.60861939"
AL MANNAI MEATAL FABRICATION FACTORY,مصنع المناعي لتشكيل المعادن,INDUSTRIES,الصناعات,INDUSTRIAL COMPLEXES,المنشـآت الصناعية,634.0,50.60770489,26.13378822,"26.13378822, 50.60770489"
BAPCO OIL REFINERY,مصنع بابكو للتكرير,INDUSTRIES,الصناعات,INDUSTRIAL COMPLEXES,المنشـآت الصناعية,636.0,50.59991549,26.11706697,"26.11706697, 50.59991549"
BAHRAIN PIPES FACTORY,مصنع مواسير البحرين,INDUSTRIES,الصناعات,INDUSTRIAL COMPLEXES,المنشـآت الصناعية,702.0,50.53539932,26.18978845,"26.18978845, 50.53539932"
KINGDOM DETERGENTS FACTORY,مصنع المملكة للتنظيفات,INDUSTRIES,الصناعات,INDUSTRIAL COMPLEXES,المنشـآت الصناعية,704.0,50.53288509,26.18142857,"26.18142857, 50.53288509"
PERLO ALUMINUM,بيرلو ألمنيوم,INDUSTRIES,الصناعات,INDUSTRIAL COMPLEXES,المنشـآت الصناعية,711.0,50.56383657,26.20228943,"26.20228943, 50.56383657"
COCA COLA BOTTLING COMPANY,شركة تعبئة كوكا كولا,INDUSTRIES,الصناعات,INDUSTRIAL COMPLEXES,المنشـآت الصناعية,744.0,50.50737488,26.17493347,"26.17493347, 50.50737488"
AL JAZEERAH TENTS FACTORY,مصنع الجزيرة للخيام,INDUSTRIES,الصناعات,INDUSTRIAL COMPLEXES,المنشـآت الصناعية,948.0,50.59319816,26.09508046,"26.09508046, 50.59319816"
UNIVERSAL ALUMINIUM COMPANY,الشركة العالمية للألمنيوم,INDUSTRIES,الصناعات,INDUSTRIAL COMPLEXES,المنشـآت الصناعية,949.0,50.59182514,26.11712209,"26.11712209, 50.59182514"
NATIONAL STAINED GLASS,الوطنية للزجاج الملون,INDUSTRIES,الصناعات,INDUSTRIAL COMPLEXES,المنشـآت الصناعية,949.0,50.59165018,26.11755414,"26.11755414, 50.59165018"
AL MOHSEN FURNITURE FACTORY,مصنع المحسن للأثاث,INDUSTRIES,الصناعات,INDUSTRIAL COMPLEXES,المنشـآت الصناعية,949.0,50.59057955,26.11746748,"26.11746748, 50.59057955"
ALAA FOR INDUSTRY - AFI,آلاء للصناعة,INDUSTRIES,الصناعات,INDUSTRIAL COMPLEXES,المنشـآت الصناعية,951.0,50.60435441,26.07801201,"26.07801201, 50.60435441"
YATEEM OXYGEN COMPANY,شركة مصنع يتيم للأكسجين,INDUSTRIES,الصناعات,INDUSTRIAL COMPLEXES,المنشـآت الصناعية,951.0,50.60967673,26.0801098,"26.0801098, 50.60967673"
ABDULLAH AHMED NASS - IRON AND STEEL STRUCTURE,عبدالله أحمد ناس - صناعة الحديد والستيل,INDUSTRIES,الصناعات,INDUSTRIAL COMPLEXES,المنشـآت الصناعية,951.0,50.61013756,26.07920494,"26.07920494, 50.61013756"
AL HASNAA FACTORY,مصنع الحسناء,INDUSTRIES,الصناعات,INDUSTRIAL COMPLEXES,المنشـآت الصناعية,951.0,50.60992434,26.07572176,"26.07572176, 50.60992434"
AWAL FIBRE GLASS FACTORY,مصنع أوال للفيبر جلاس,INDUSTRIES,الصناعات,INDUSTRIAL COMPLEXES,المنشـآت الصناعية,951.0,50.60237277,26.0735928,"26.0735928, 50.60237277"
DELMON MARBLE CUTTING FACTORY,مصنع دلمون لتقطيع وتلميع الرخام,INDUSTRIES,الصناعات,INDUSTRIAL COMPLEXES,المنشـآت الصناعية,951.0,50.59364764,26.06969248,"26.06969248, 50.59364764"
AHMED ISA BLOCK FACTORY,مصنع أحمد عيسى للطابوق,INDUSTRIES,الصناعات,INDUSTRIAL COMPLEXES,المنشـآت الصناعية,952.0,50.62825873,26.08179943,"26.08179943, 50.62825873"
DREAM READYMIX,دريم للخرسانة المخلوطة,INDUSTRIES,الصناعات,INDUSTRIAL COMPLEXES,المنشـآت الصناعية,954.0,50.62228547,26.07528361,"26.07528361, 50.62228547"
BRAMCO,برامكو,INDUSTRIES,الصناعات,INDUSTRIAL COMPLEXES,المنشـآت الصناعية,955.0,50.58206413,26.03800139,"26.03800139, 50.58206413"
TATWEER PETROLEUM COMPANY - BAHRAIN PETROLEUM FIELD,شركة تطوير للبترول - حقل البحرين,INDUSTRIES,الصناعات,INDUSTRIAL COMPLEXES,المنشـآت الصناعية,983.0,50.55384656,26.02683635,"26.02683635, 50.55384656"
HIDD INDUSTRIAL AREA,منطقة الحد الصناعية,INDUSTRIES,الصناعات,INDUSTRIAL AREAS,المناطق الصناعية,116.0,50.65616746,26.20994364,"26.20994364, 50.65616746"
ARAD INDUSTRIAL AREA,منطقة عراد الصناعية,INDUSTRIES,الصناعات,INDUSTRIAL AREAS,المناطق الصناعية,243.0,50.64546814,26.25737253,"26.25737253, 50.64546814"
MINA SALMAN INDUSTRIAL AREA,منطقة ميناء سلمان الصناعية,INDUSTRIES,الصناعات,INDUSTRIAL AREAS,المناطق الصناعية,343.0,50.59937656,26.19755661,"26.19755661, 50.59937656"
NORTH REFINERY INDUSTRIAL AREA,منطقة مصفاة الشمال الصناعية,INDUSTRIES,الصناعات,INDUSTRIAL AREAS,المناطق الصناعية,635.0,50.59823985,26.12492793,"26.12492793, 50.59823985"
ARABIAN SUGAR COMPANY - ASC,الشركة العربية للسكر,INDUSTRIES,الصناعات,INDUSTRIAL COMPLEXES,المنشـآت الصناعية,115.0,50.68234304,26.21637391,"26.21637391, 50.68234304"
AL MASKATI BROTHERS AND COMPANY,المسقطي إخوان وشركاهم,INDUSTRIES,الصناعات,INDUSTRIAL COMPLEXES,المنشـآت الصناعية,115.0,50.66672769,26.21697324,"26.21697324, 50.66672769"
AIRTECH,إيرتك,INDUSTRIES,الصناعات,INDUSTRIAL COMPLEXES,المنشـآت الصناعية,115.0,50.66140224,26.21590428,"26.21590428, 50.66140224"
SPRUNG INSTANT STRUCTURES,سبرانغ انستنت ستراكتشرز,INDUSTRIES,الصناعات,INDUSTRIAL COMPLEXES,المنشـآت الصناعية,115.0,50.68695095,26.22233767,"26.22233767, 50.68695095"
CPIC ABAHSAIN FIBERGLASS,سي بي آي سي أباحسين فيبرجلاس,INDUSTRIES,الصناعات,INDUSTRIAL COMPLEXES,المنشـآت الصناعية,115.0,50.67876503,26.21728573,"26.21728573, 50.67876503"
GULF BIOTECH COMPANY,شركة الخليج للتقنية الحيوية,INDUSTRIES,الصناعات,INDUSTRIAL COMPLEXES,المنشـآت الصناعية,115.0,50.68046012,26.21727756,"26.21727756, 50.68046012"
AL ANZAROUTI FOOD INDUSTRY COMPANY,شركة العنزروتي للصناعات الغذائية,INDUSTRIES,الصناعات,INDUSTRIAL COMPLEXES,المنشـآت الصناعية,115.0,50.68284255,26.22296796,"26.22296796, 50.68284255"
GULF PLASTIC COMPANY,شركة بلاستيك الخليج,INDUSTRIES,الصناعات,INDUSTRIAL COMPLEXES,المنشـآت الصناعية,115.0,50.66523859,26.21384987,"26.21384987, 50.66523859"
QUALITY WIRE PRODUCTS COMPANY,شركة كوالتي واير برودكتس,INDUSTRIES,الصناعات,INDUSTRIAL COMPLEXES,المنشـآت الصناعية,115.0,50.6651565,26.21431956,"26.21431956, 50.6651565"
LAUSCHA FIBER INTERNATIONAL BAHRAIN,لوشا فيبر انترناشيونال البحرين,INDUSTRIES,الصناعات,INDUSTRIAL COMPLEXES,المنشـآت الصناعية,115.0,50.681292,26.216706,"26.216706, 50.681292"
MAK FOR FOOD INDUSTRY,ماك لصناعة المواد الغذائية,INDUSTRIES,الصناعات,INDUSTRIAL COMPLEXES,المنشـآت الصناعية,115.0,50.66713229,26.22330024,"26.22330024, 50.66713229"
RMA PIPELINE EQUIPMENT MIDDLE EAST FACTORY,مصنع ار ام ايه ميدل ايست,INDUSTRIES,الصناعات,INDUSTRIAL COMPLEXES,المنشـآت الصناعية,115.0,50.6628589,26.21388135,"26.21388135, 50.6628589"
ALAA INDUSTRIAL EQUIPMENT FACTORY - AFI,مصنع الاء للمعدات الصناعية,INDUSTRIES,الصناعات,INDUSTRIAL COMPLEXES,المنشـآت الصناعية,115.0,50.68711114,26.22233427,"26.22233427, 50.68711114"
BAHRAIN INDUSTRIAL FILTERS MFG.,مصنع البحرين للمرشحات الصناعية,INDUSTRIES,الصناعات,INDUSTRIAL COMPLEXES,المنشـآت الصناعية,115.0,50.6729663,26.22372495,"26.22372495, 50.6729663"
AL JAZEERAH ROASTERY,مصنع الجزيرة للحلويات,INDUSTRIES,الصناعات,INDUSTRIAL COMPLEXES,المنشـآت الصناعية,115.0,50.66739192,26.22261739,"26.22261739, 50.66739192"
BOX MAKERS,مصنع بوكس ميكرز,INDUSTRIES,الصناعات,INDUSTRIAL COMPLEXES,المنشـآت الصناعية,115.0,50.6621816,26.21533854,"26.21533854, 50.6621816"
DELTA CABLES FACTORY BAHRAIN,مصنع دلتا للكابلات البحرين,INDUSTRIES,الصناعات,INDUSTRIAL COMPLEXES,المنشـآت الصناعية,115.0,50.68313008,26.2224239,"26.2224239, 50.68313008"
DEVJI AURUM GOLD AND DIAMOND FACTORY,مصنع ديفجي أوروم للذهب والألماس,INDUSTRIES,الصناعات,INDUSTRIAL COMPLEXES,المنشـآت الصناعية,115.0,50.67656141,26.21921589,"26.21921589, 50.67656141"
GREEN GEOEARTH,مصنع غرين جيو إيرث,INDUSTRIES,الصناعات,INDUSTRIAL COMPLEXES,المنشـآت الصناعية,115.0,50.66873702,26.21915862,"26.21915862, 50.66873702"
GULF SHADE FACTORY,مصنع مظلات الخليج,INDUSTRIES,الصناعات,INDUSTRIAL COMPLEXES,المنشـآت الصناعية,115.0,50.66921523,26.21792888,"26.21792888, 50.66921523"
EUROTECHNOLOGY INCON,مصنع يوروتكنولوجي انكون,INDUSTRIES,الصناعات,INDUSTRIAL COMPLEXES,المنشـآت الصناعية,115.0,50.6728272,26.22022156,"26.22022156, 50.6728272"
AWAL READYMIX CONCRETE COMPANY - ARMCON,شركة أوال للخرسانة المخلوطة - أرمكون,INDUSTRIES,الصناعات,INDUSTRIAL COMPLEXES,المنشـآت الصناعية,116.0,50.66011536,26.20413241,"26.20413241, 50.66011536"
DELMON READYMIX COMPANY,شركة دلمون للخرسانة المخلوطة,INDUSTRIES,الصناعات,INDUSTRIAL COMPLEXES,المنشـآت الصناعية,116.0,50.65811198,26.21088942,"26.21088942, 50.65811198"
KINGDOM DREDGING AND SAND WASHING FACTORY,مصنع المملكة لجرف وغسل الرمال,INDUSTRIES,الصناعات,INDUSTRIAL COMPLEXES,المنشـآت الصناعية,116.0,50.65960622,26.20586423,"26.20586423, 50.65960622"
UNITED STAINLESS STEEL COMPANY - USCO,الشركة المتحدة للستانلس ستيل - أوسكو,INDUSTRIES,الصناعات,INDUSTRIAL COMPLEXES,المنشـآت الصناعية,117.0,50.677193,26.200562,"26.200562, 50.677193"
IMERYS AL ZAYANI FUSED ACOMPANY,شركة إيميرس الزياني للمعادن المدمجة,INDUSTRIES,الصناعات,INDUSTRIAL COMPLEXES,المنشـآت الصناعية,117.0,50.66819449,26.20808738,"26.20808738, 50.66819449"
EBRAHIM KHALIL KANOO,ابراهيم خليل كانو,INDUSTRIES,الصناعات,INDUSTRIAL COMPLEXES,المنشـآت الصناعية,243.0,50.64494723,26.25642061,"26.25642061, 50.64494723"
NATIONAL GLASS COMPANY,الشركه الوطنيه للزجاج المعشق,INDUSTRIES,الصناعات,INDUSTRIAL COMPLEXES,المنشـآت الصناعية,307.0,50.57982232,26.22638123,"26.22638123, 50.57982232"
BILJEEK GLASS & MIRRORS COMPANY,شركة بلجيك للزجاج والمرايا,INDUSTRIES,الصناعات,INDUSTRIAL COMPLEXES,المنشـآت الصناعية,309.0,50.58028906,26.22654462,"26.22654462, 50.58028906"
PEPSI COLA FACTORY - AHMADI INDUSTRIES,مصنع بيبسي كولا - مصنع الأحمدي,INDUSTRIES,الصناعات,INDUSTRIAL COMPLEXES,المنشـآت الصناعية,329.0,50.56994446,26.21453747,"26.21453747, 50.56994446"
THE BAHRAIN SHIP REPAIRING AND ENGINEERING COMPANY,شركة البحرين لتصليح السفن والهندسة,INDUSTRIES,الصناعات,INDUSTRIAL COMPLEXES,المنشـآت الصناعية,343.0,50.60201492,26.20103549,"26.20103549, 50.60201492"
HAJI HASAN GROUP,مجموعة حجي حسن,INDUSTRIES,الصناعات,INDUSTRIAL COMPLEXES,المنشـآت الصناعية,351.0,50.5590387,26.22611151,"26.22611151, 50.5590387"
BAHRAIN MEDICAL & INDUSTRIAL GAS PLANTS,مصانع البحرين للغازات الطبية والصناعية,INDUSTRIES,الصناعات,INDUSTRIAL COMPLEXES,المنشـآت الصناعية,413.0,50.53727513,26.20624936,"26.20624936, 50.53727513"
CAPITAL ALUMINIUM FACTORY,مصنع العاصمة للألمنيوم,INDUSTRIES,الصناعات,INDUSTRIAL COMPLEXES,المنشـآت الصناعية,439.0,50.53178241,26.20286342,"26.20286342, 50.53178241"
AWAL DAIRY COMPANY,شركة أوال للألبان,INDUSTRIES,الصناعات,INDUSTRIAL COMPLEXES,المنشـآت الصناعية,463.0,50.51241709,26.21644588,"26.21644588, 50.51241709"
AL NOOH WOODEN PRODUCTS DESIGN COMPANY,شركة آل نوح لتصميم المنتوجات الخشبيه,INDUSTRIES,الصناعات,INDUSTRIAL COMPLEXES,المنشـآت الصناعية,547.0,50.46101199,26.20042793,"26.20042793, 50.46101199"
UNITED PAPER INDUSTRIES COMPANY,الشركة المتحدة لصناعة الورق,INDUSTRIES,الصناعات,INDUSTRIAL COMPLEXES,المنشـآت الصناعية,601.0,50.61877712,26.18314974,"26.18314974, 50.61877712"
AL MASKATI BROTHERS AND COMPANY,المسقطي إخوان وشركاهم,INDUSTRIES,الصناعات,INDUSTRIAL COMPLEXES,المنشـآت الصناعية,601.0,50.61629423,26.18427822,"26.18427822, 50.61629423"
AWAL REFRIGERATION & AIR CONDITIONERS,أوال للثلاجات والمكيفات,INDUSTRIES,الصناعات,INDUSTRIAL COMPLEXES,المنشـآت الصناعية,601.0,50.6082266,26.18059789,"26.18059789, 50.6082266"
ISA MUBARAK AL KUBAISI,عيسى مبارك الكبيسي,INDUSTRIES,الصناعات,INDUSTRIAL COMPLEXES,المنشـآت الصناعية,601.0,50.60190715,26.17550696,"26.17550696, 50.60190715"
MUHAMMAD JALAL & SONS,محمد جلال واولاده,INDUSTRIES,الصناعات,INDUSTRIAL COMPLEXES,المنشـآت الصناعية,601.0,50.60910363,26.18032334,"26.18032334, 50.60910363"
GULF FIBERGLASS FACTORY,مصنع الخليج للفيبر جلاس,INDUSTRIES,الصناعات,INDUSTRIAL COMPLEXES,المنشـآت الصناعية,601.0,50.61798335,26.17822154,"26.17822154, 50.61798335"
NIDUKKI TRADING COMPANY,شركة نيدوكي التجارية,INDUSTRIES,الصناعات,INDUSTRIAL COMPLEXES,المنشـآت الصناعية,604.0,50.60257682,26.17227118,"26.17227118, 50.60257682"
GULF PETROCHEMICAL INDUSTRIES COMPANY - GPIC,شركة الخليج لصناعة البتروكيماويات,INDUSTRIES,الصناعات,INDUSTRIAL COMPLEXES,المنشـآت الصناعية,614.0,50.62918188,26.13691128,"26.13691128, 50.62918188"
EBRAHIM ABDULRAHIM FAKHRO,ابراهيم عبدالرحيم فخرو,INDUSTRIES,الصناعات,INDUSTRIAL COMPLEXES,المنشـآت الصناعية,634.0,50.6074165,26.13236119,"26.13236119, 50.6074165"
KINGDOM READYMIX COMPANY,المملكة للخرسانة,INDUSTRIES,الصناعات,INDUSTRIAL COMPLEXES,المنشـآت الصناعية,634.0,50.60746845,26.13072569,"26.13072569, 50.60746845"
P. HARIDAS SONS COMPANY,شركة بي هاريداس وأولاده,INDUSTRIES,الصناعات,INDUSTRIAL COMPLEXES,المنشـآت الصناعية,634.0,50.6069444,26.13091475,"26.13091475, 50.6069444"
BAHRAIN WORKSHOP COMPANY,شركة ورشة البحرين,INDUSTRIES,الصناعات,INDUSTRIAL COMPLEXES,المنشـآت الصناعية,634.0,50.60444858,26.13211091,"26.13211091, 50.60444858"
ABDULLAH AHMED NASS - IRON MANUFACTURE,عبدالله أحمد ناس - صناعة الحديد,INDUSTRIES,الصناعات,INDUSTRIAL COMPLEXES,المنشـآت الصناعية,634.0,50.60783878,26.13300297,"26.13300297, 50.60783878"
AL MANNAI ALUMINUM AND GLASS FACTORY,مصنع المناعي للألمنيوم والزجاج,INDUSTRIES,الصناعات,INDUSTRIAL COMPLEXES,المنشـآت الصناعية,634.0,50.61180906,26.13220865,"26.13220865, 50.61180906"
AL HAMRA ALUMINIUM FACTORY,مصنع ألمنيوم الحمراء,INDUSTRIES,الصناعات,INDUSTRIAL COMPLEXES,المنشـآت الصناعية,634.0,50.61017764,26.12835379,"26.12835379, 50.61017764"
MUHAMMAD & ABDULRAHMAN NASS FACTORY,مصنع محمد وعبدالرحمن ناس,INDUSTRIES,الصناعات,INDUSTRIAL COMPLEXES,المنشـآت الصناعية,634.0,50.61031089,26.13074845,"26.13074845, 50.61031089"
AL KHAJAH ESTABLISHMENT,مؤسسة الخاجة,INDUSTRIES,الصناعات,INDUSTRIAL COMPLEXES,المنشـآت الصناعية,634.0,50.61036623,26.13631685,"26.13631685, 50.61036623"
SAYED MAHFOODH AL AʻALI ESTABLISHMENT,مؤسسة السيد محفوظ العالي,INDUSTRIES,الصناعات,INDUSTRIAL COMPLEXES,المنشـآت الصناعية,634.0,50.61162536,26.1277899,"26.1277899, 50.61162536"
SAYED KADHIM AL DERAZI & SONS COMPANY,شركة سيد كاظم الدرازي وأولاده,INDUSTRIES,الصناعات,INDUSTRIAL COMPLEXES,المنشـآت الصناعية,646.0,50.58839055,26.13620625,"26.13620625, 50.58839055"
BAHRAIN PRECAST CONCRETE,البحرين للخرسانة الجاهزة,INDUSTRIES,الصناعات,INDUSTRIAL COMPLEXES,المنشـآت الصناعية,702.0,50.53350026,26.18964733,"26.18964733, 50.53350026"
HAJI HASAN READYMIX,حجي حسن للخرسانة المخلوطة,INDUSTRIES,الصناعات,INDUSTRIAL COMPLEXES,المنشـآت الصناعية,702.0,50.53307661,26.18964596,"26.18964596, 50.53307661"
AWAL PLASTICS,أوال بلاستك,INDUSTRIES,الصناعات,INDUSTRIAL COMPLEXES,المنشـآت الصناعية,704.0,50.53463097,26.18109521,"26.18109521, 50.53463097"
ARADOUS STEEL SHEETS FACTORY,مصنع ارادوس لصفائح الستيل,INDUSTRIES,الصناعات,INDUSTRIAL COMPLEXES,المنشـآت الصناعية,949.0,50.59012866,26.11717339,"26.11717339, 50.59012866"
YOUSIF KHALIL AL MOAYYED & SONS - WAREHOUSING,يوسف خليل المؤيد وأولاده - المخازن,INDUSTRIES,الصناعات,INDUSTRIAL COMPLEXES,المنشـآت الصناعية,949.0,50.58658795,26.11835308,"26.11835308, 50.58658795"
BAHRAIN GALVANIZING FACTORY,مصنع البحرين لجلفنة المعادن,INDUSTRIES,الصناعات,INDUSTRIAL COMPLEXES,المنشـآت الصناعية,951.0,50.59588586,26.07238395,"26.07238395, 50.59588586"
GLOBAL PLASTIC AND WATER BOTTELING,جلوبل للبلاستيك وتعبئة المياه,INDUSTRIES,الصناعات,INDUSTRIAL COMPLEXES,المنشـآت الصناعية,952.0,50.62865889,26.08120388,"26.08120388, 50.62865889"
AHMED MANSOOR AL AʻALI COMPANY,شركة أحمد منصور العالي,INDUSTRIES,الصناعات,INDUSTRIAL COMPLEXES,المنشـآت الصناعية,952.0,50.61473319,26.08149574,"26.08149574, 50.61473319"
SEA EAGLE MARINE SERVICES,شركة نسور البحر للخدمات البحرية,INDUSTRIES,الصناعات,INDUSTRIAL COMPLEXES,المنشـآت الصناعية,952.0,50.62862919,26.08054531,"26.08054531, 50.62862919"
ALERADAH CHEMICAL SALES ESTABLISHMENT,مؤسسة الارادة لبيع المواد الكيماوية,INDUSTRIES,الصناعات,INDUSTRIAL COMPLEXES,المنشـآت الصناعية,952.0,50.62821805,26.07780591,"26.07780591, 50.62821805"
AHMED MANSOOR AL AʻALI - ROCK CRUSHER,أحمد منصور العالي - الكسارة,INDUSTRIES,الصناعات,INDUSTRIAL COMPLEXES,المنشـآت الصناعية,955.0,50.58824299,26.04872576,"26.04872576, 50.58824299"
HASAN AL AʻALI,حسن العالي,INDUSTRIES,الصناعات,INDUSTRIAL COMPLEXES,المنشـآت الصناعية,955.0,50.59046929,26.04126298,"26.04126298, 50.59046929"
UNITED GULF ASPHALT COMPANY,شركة الخليج المتحدة للاسفلت,INDUSTRIES,الصناعات,INDUSTRIAL COMPLEXES,المنشـآت الصناعية,959.0,50.58927522,26.02681185,"26.02681185, 50.58927522"
TATWEER PETROLEUM COMPANY,شركة تطوير للبترول,INDUSTRIES,الصناعات,INDUSTRIAL COMPLEXES,المنشـآت الصناعية,981.0,50.57407566,26.07376442,"26.07376442, 50.57407566"
ZARWAN FIBRE GLASS FACTORY,مصنع زروان للفيبر جلاس,INDUSTRIES,الصناعات,INDUSTRIAL COMPLEXES,المنشـآت الصناعية,1012.0,50.48408495,26.13518161,"26.13518161, 50.48408495"
NORTH SITRA INDUSTRIAL AREA,منطقة سترة الشمالية الصناعية,INDUSTRIES,الصناعات,INDUSTRIAL AREAS,المناطق الصناعية,601.0,50.61168844,26.17965517,"26.17965517, 50.61168844"
AL MAʻAMEER INDUSTRIAL AREA,منطقة المعامير الصناعية,INDUSTRIES,الصناعات,INDUSTRIAL AREAS,المناطق الصناعية,634.0,50.6082129,26.13061053,"26.13061053, 50.6082129"
ALBA INDUSTRIAL AREA,منطقة ألبا الصناعية,INDUSTRIES,الصناعات,INDUSTRIAL AREAS,المناطق الصناعية,951.0,50.6074348,26.07579511,"26.07579511, 50.6074348"
AL EZZEL OPERATION & MAINTENANCE COMPANY,الايزل للطاقة والغاز,INDUSTRIES,الصناعات,INDUSTRIAL COMPLEXES,المنشـآت الصناعية,115.0,50.66108164,26.21647426,"26.21647426, 50.66108164"
UNIVERSAL ELECTRO ENGINEERING - UNEECO,العالمية للهندسة الكهربائية,INDUSTRIES,الصناعات,INDUSTRIAL COMPLEXES,المنشـآت الصناعية,115.0,50.66296766,26.21535081,"26.21535081, 50.66296766"
INTERNATIONAL BISCUITS PRODUCTION FACTORY,المصانع الدولية لإنتاج البسكويت,INDUSTRIES,الصناعات,INDUSTRIAL COMPLEXES,المنشـآت الصناعية,115.0,50.66719233,26.22081721,"26.22081721, 50.66719233"
ORIENTAL PRESS,المطبعة الشرقية,INDUSTRIES,الصناعات,INDUSTRIAL COMPLEXES,المنشـآت الصناعية,115.0,50.675241,26.219205,"26.219205, 50.675241"
PLASTIC ADDITIVES MIDDLE EAST - BASF,باسف بلاستيك أديتيفز الشرق الأوسط,INDUSTRIES,الصناعات,INDUSTRIAL COMPLEXES,المنشـآت الصناعية,115.0,50.67349317,26.21773972,"26.21773972, 50.67349317"
BITUMENA BAHRAIN,بيتو مينا البحرين,INDUSTRIES,الصناعات,INDUSTRIAL COMPLEXES,المنشـآت الصناعية,115.0,50.68787636,26.21989351,"26.21989351, 50.68787636"
ROHAIL HASHIMI STAINLESS STEEL INDUSTRIES,روحيل هاشمي لإنتاج الأثاث من الحديد المقاوم,INDUSTRIES,الصناعات,INDUSTRIAL COMPLEXES,المنشـآت الصناعية,115.0,50.66424002,26.21548564,"26.21548564, 50.66424002"
GULF TEMPERATURE SENSORS - GTS,شركة الخليج للمجسات الحرارية,INDUSTRIES,الصناعات,INDUSTRIAL COMPLEXES,المنشـآت الصناعية,115.0,50.672863,26.22307432,"26.22307432, 50.672863"
AL DAHIYA INDUSTRIAL COMPANY,شركة الضاحية الصناعية,INDUSTRIES,الصناعات,INDUSTRIAL COMPLEXES,المنشـآت الصناعية,115.0,50.68071878,26.21944543,"26.21944543, 50.68071878"
MTQ OILFIELD SERVICES COMPANY,شركة أم تي كيو أويل فيلد سيرفيسز,INDUSTRIES,الصناعات,INDUSTRIAL COMPLEXES,المنشـآت الصناعية,115.0,50.66915807,26.22251032,"26.22251032, 50.66915807"
CHOCOLATE AND CO. COMPANY,شركة أند كو للشوكولاتة,INDUSTRIES,الصناعات,INDUSTRIAL COMPLEXES,المنشـآت الصناعية,115.0,50.66735603,26.2193749,"26.2193749, 50.66735603"
PASCHAL CONCRETE FORMS COMPANY,شركة باسكال للخرسانة,INDUSTRIES,الصناعات,INDUSTRIAL COMPLEXES,المنشـآت الصناعية,115.0,50.66151125,26.21430645,"26.21430645, 50.66151125"
THE BREAD FACTORY COMPANY,شركة ذا برد فاكتوري,INDUSTRIES,الصناعات,INDUSTRIAL COMPLEXES,المنشـآت الصناعية,115.0,50.67619553,26.2123623,"26.2123623, 50.67619553"
GLASS TECH INDUSTRIES,شركة صناعة تقنية الزجاج,INDUSTRIES,الصناعات,INDUSTRIAL COMPLEXES,المنشـآت الصناعية,115.0,50.66506415,26.21699313,"26.21699313, 50.66506415"
LEGEND PAINTS COMPANY,شركة ليجاند بينتس,INDUSTRIES,الصناعات,INDUSTRIAL COMPLEXES,المنشـآت الصناعية,115.0,50.67909219,26.21924973,"26.21924973, 50.67909219"
BAHRAIN MEDICAL AND INDUSTRIAL GAS PLANTS - BMIGP,مصانع البحرين للغازات الطبية والصناعية - بميجب,INDUSTRIES,الصناعات,INDUSTRIAL COMPLEXES,المنشـآت الصناعية,115.0,50.67923143,26.21470779,"26.21470779, 50.67923143"
BAHRAIN PHARMA - BP,مصنع البحرين فارما,INDUSTRIES,الصناعات,INDUSTRIAL COMPLEXES,المنشـآت الصناعية,115.0,50.66844173,26.22136988,"26.22136988, 50.66844173"
ZAYANI POLYMER FACTORY,مصنع الزياني للبوليمر,INDUSTRIES,الصناعات,INDUSTRIAL COMPLEXES,المنشـآت الصناعية,115.0,50.66525641,26.21538872,"26.21538872, 50.66525641"
OFFSHORE MANUFACTURE AND MAINTENANCE OF SHIPS,اوفشور لصناعة وصيانة السفن,INDUSTRIES,الصناعات,INDUSTRIAL COMPLEXES,المنشـآت الصناعية,116.0,50.65316663,26.21552235,"26.21552235, 50.65316663"
ARABIAN GULF CEMENT COMPANY,شركة اسمنت الخليج العربي,INDUSTRIES,الصناعات,INDUSTRIAL COMPLEXES,المنشـآت الصناعية,116.0,50.65747961,26.21820287,"26.21820287, 50.65747961"
AHMED MANSOOR AL AʻALI COMPANY,شركة أحمد منصور العالي,INDUSTRIES,الصناعات,INDUSTRIAL COMPLEXES,المنشـآت الصناعية,116.0,50.65690037,26.21414002,"26.21414002, 50.65690037"
REDX READYMIX COMPANY,شركة ريدكس للخرسانة المخلوطة,INDUSTRIES,الصناعات,INDUSTRIAL COMPLEXES,المنشـآت الصناعية,116.0,50.65846891,26.20965155,"26.20965155, 50.65846891"
ORTA ANADOLU TEXTILE BAHRAIN COMPANY,شركة مصانع الأقمشة أورتا أناضولو البحرين,INDUSTRIES,الصناعات,INDUSTRIAL COMPLEXES,المنشـآت الصناعية,116.0,50.654775,26.216412,"26.216412, 50.654775"
UNITED STEEL COMPANY - SULB,الشركة المتحدة للحديد - صلب,INDUSTRIES,الصناعات,INDUSTRIAL COMPLEXES,المنشـآت الصناعية,117.0,50.67518477,26.20126765,"26.20126765, 50.67518477"
GULF INDUSTRIAL INVESTMENT COMPANY,شركة الخليج للصناعات الإستثمارية,INDUSTRIES,الصناعات,INDUSTRIAL COMPLEXES,المنشـآت الصناعية,117.0,50.67857384,26.20030274,"26.20030274, 50.67857384"
BAHRAIN TENTS FACTORY,مصنع البحرين للخيام,INDUSTRIES,الصناعات,INDUSTRIAL COMPLEXES,المنشـآت الصناعية,207.0,50.60801025,26.25798583,"26.25798583, 50.60801025"
RAYYA PORT ICE MAKING FACTORY,مصنع فرضة رية لصناعة الثلج,INDUSTRIES,الصناعات,INDUSTRIAL COMPLEXES,المنشـآت الصناعية,235.0,50.64064433,26.28720401,"26.28720401, 50.64064433"
AL NAMLAITY FACTORY FOR WATER AND ICE CENTER,مصنع النامليتي للماء والثلج,INDUSTRIES,الصناعات,INDUSTRIAL COMPLEXES,المنشـآت الصناعية,323.0,50.58789079,26.23259147,"26.23259147, 50.58789079"
BAHRAIN FLOUR MILLS COMPANY,شركة البحرين لمطاحن الدقيق,INDUSTRIES,الصناعات,INDUSTRIAL COMPLEXES,المنشـآت الصناعية,342.0,50.61063612,26.20199463,"26.20199463, 50.61063612"
HASAN ABDULLAH MANSOORI - STEEL FACTORY,حسن عبدالله منصوري - مصنع الصلب,INDUSTRIES,الصناعات,INDUSTRIAL COMPLEXES,المنشـآت الصناعية,343.0,50.60038432,26.19948281,"26.19948281, 50.60038432"
BRIDGE INDUSTRIAL SERVICES COMPANY,شركة الجسر للخدمات الصناعية,INDUSTRIES,الصناعات,INDUSTRIAL COMPLEXES,المنشـآت الصناعية,343.0,50.59938811,26.20014749,"26.20014749, 50.59938811"
YATEEM OXYGEN COMPANY,شركة مصنع يتيم للأكسجين,INDUSTRIES,الصناعات,INDUSTRIAL COMPLEXES,المنشـآت الصناعية,413.0,50.53895476,26.20585797,"26.20585797, 50.53895476"
QUBA FACTORY FOR PALM AND HERBAL WATER,مصنع قبى لإنتاج ماء اللقاح ومياه الأعشاب,INDUSTRIES,الصناعات,INDUSTRIAL COMPLEXES,المنشـآت الصناعية,430.0,50.5249877,26.23420638,"26.23420638, 50.5249877"
AL SHAJJAR FACTORY FOR POLLINATION WATER,مصنع الشجار لماء اللقاح,INDUSTRIES,الصناعات,INDUSTRIAL COMPLEXES,المنشـآت الصناعية,432.0,50.5287519,26.23010249,"26.23010249, 50.5287519"
BAHRAIN HERBAL FACTORY,مصنع البحرين للأعشاب,INDUSTRIES,الصناعات,INDUSTRIAL COMPLEXES,المنشـآت الصناعية,434.0,50.53384734,26.23130481,"26.23130481, 50.53384734"
AL JASER FACTORY COMPANY,شركة مصنع الجسر,INDUSTRIES,الصناعات,INDUSTRIAL COMPLEXES,المنشـآت الصناعية,438.0,50.51673077,26.23023901,"26.23023901, 50.51673077"
BAHRAIN ICE CREAM BISCUIT FACTORY,مصنع البحرين لانتاج بسكويت الآيس كريم,INDUSTRIES,الصناعات,INDUSTRIAL COMPLEXES,المنشـآت الصناعية,439.0,50.53263774,26.20282593,"26.20282593, 50.53263774"
AL AHRAR WELDING AND BLACKSMITH WORKSHOP,ورشة الأحرار للحدادة واللحام,INDUSTRIES,الصناعات,INDUSTRIAL COMPLEXES,المنشـآت الصناعية,439.0,50.53181365,26.20276885,"26.20276885, 50.53181365"
AL JAZEERAH REFRIGERATION AND HEATING FACTORY,مصنع الجزيرة للتبريد والتدفئة,INDUSTRIES,الصناعات,INDUSTRIAL COMPLEXES,المنشـآت الصناعية,543.0,50.45899619,26.20661478,"26.20661478, 50.45899619"
THE NATIONAL CONCRETE COMPANY,الشركة الوطنية,INDUSTRIES,الصناعات,INDUSTRIAL COMPLEXES,المنشـآت الصناعية,601.0,50.61401676,26.18497398,"26.18497398, 50.61401676"
ISMAIL EBRAHIM TARADAH,إسماعيل ابراهيم طرادة,INDUSTRIES,الصناعات,INDUSTRIAL COMPLEXES,المنشـآت الصناعية,601.0,50.60243508,26.17456946,"26.17456946, 50.60243508"
AHMED MANSOOR AL AʻALI - ALUMINUM MANUFACTURE,أحمد منصور العالي - صناعة الألمنيوم,INDUSTRIES,الصناعات,INDUSTRIAL COMPLEXES,المنشـآت الصناعية,601.0,50.60418747,26.17807858,"26.17807858, 50.60418747"
R.B. HILTON LIMITED,آر بي هيلتون المحدودة,INDUSTRIES,الصناعات,INDUSTRIAL COMPLEXES,المنشـآت الصناعية,601.0,50.60127912,26.17365999,"26.17365999, 50.60127912"
JASSIM ABDULRAHMAN AL ZAYANI,جاسم عبدالرحمن الزياني,INDUSTRIES,الصناعات,INDUSTRIAL COMPLEXES,المنشـآت الصناعية,601.0,50.61624797,26.18034275,"26.18034275, 50.61624797"
GULF ALUMINIUM ROLLING COMPANY,شركة الخليج لدرفلت الألمنيوم,INDUSTRIES,الصناعات,INDUSTRIAL COMPLEXES,المنشـآت الصناعية,601.0,50.6146839,26.18161478,"26.18161478, 50.6146839"
GULF CLOSURES COMPANY,شركة أغطية الخليج,INDUSTRIES,الصناعات,INDUSTRIAL COMPLEXES,المنشـآت الصناعية,601.0,50.60456552,26.17605369,"26.17605369, 50.60456552"
AWAL FOOD FACTORY,مصنع أوال للأغذية,INDUSTRIES,الصناعات,INDUSTRIAL COMPLEXES,المنشـآت الصناعية,601.0,50.61608408,26.17877672,"26.17877672, 50.61608408"
NASS ICE FACTORY,مصنع ناس للثلج,INDUSTRIES,الصناعات,INDUSTRIAL COMPLEXES,المنشـآت الصناعية,623.0,50.61455635,26.14081545,"26.14081545, 50.61455635"
GULF EXHAUST SERVICES,الخليج لخدمات العادم,INDUSTRIES,الصناعات,INDUSTRIAL COMPLEXES,المنشـآت الصناعية,634.0,50.606812,26.132093,"26.132093, 50.606812"
MAGNUM ENTERPRISES,شركات ماجنم,INDUSTRIES,الصناعات,INDUSTRIAL COMPLEXES,المنشـآت الصناعية,634.0,50.60638714,26.12667898,"26.12667898, 50.60638714"
UNITED GULF ASPHALT COMPANY,شركة الخليج المتحدة للاسفلت,INDUSTRIES,الصناعات,INDUSTRIAL COMPLEXES,المنشـآت الصناعية,634.0,50.60303504,26.12809481,"26.12809481, 50.60303504"
AWAL READYMIX CONCRETE COMPANY,شركة أوال للخرسانة,INDUSTRIES,الصناعات,INDUSTRIAL COMPLEXES,المنشـآت الصناعية,634.0,50.61200559,26.13093245,"26.13093245, 50.61200559"
ALTADHAMUN ALUMINUM CENTER,مركز التضامن للألمنيوم,INDUSTRIES,الصناعات,INDUSTRIAL COMPLEXES,المنشـآت الصناعية,634.0,50.61047825,26.12833993,"26.12833993, 50.61047825"
AL DHAEN CRAFT FACTORY,مصنع الظاعن للقوارب,INDUSTRIES,الصناعات,INDUSTRIAL COMPLEXES,المنشـآت الصناعية,634.0,50.60840686,26.13176903,"26.13176903, 50.60840686"
ADHARI BLOCK FACTORY,مصنع عذاري للطابوق,INDUSTRIES,الصناعات,INDUSTRIAL COMPLEXES,المنشـآت الصناعية,634.0,50.60922806,26.13385479,"26.13385479, 50.60922806"
FALCON FACTORY,مصنع فالكون,INDUSTRIES,الصناعات,INDUSTRIAL COMPLEXES,المنشـآت الصناعية,634.0,50.60698337,26.1327192,"26.1327192, 50.60698337"
CRYSTAL TILE FACTORY,مصنع كريستال للقرميد,INDUSTRIES,الصناعات,INDUSTRIAL COMPLEXES,المنشـآت الصناعية,634.0,50.60923629,26.13237219,"26.13237219, 50.60923629"
HAJI HASAN GROUP,مجموعة حجي حسن,INDUSTRIES,الصناعات,INDUSTRIAL COMPLEXES,المنشـآت الصناعية,702.0,50.53265804,26.18961154,"26.18961154, 50.53265804"
HABIB AHMED ALSHAGAL FACTORY,مصنع حبيب احمد الشغل,INDUSTRIES,الصناعات,INDUSTRIAL COMPLEXES,المنشـآت الصناعية,742.0,50.51704,26.159698,"26.159698, 50.51704"
BAHRAIN INTERNATIONAL COMPANY FOR METAL SPRAY,شركة البحرين الدولية لرذاذ المعادن,INDUSTRIES,الصناعات,INDUSTRIAL COMPLEXES,المنشـآت الصناعية,948.0,50.59130062,26.09345265,"26.09345265, 50.59130062"
DELMON READYMIX COMPANY,شركة دلمون للخرسانة المخلوطة,INDUSTRIES,الصناعات,INDUSTRIAL COMPLEXES,المنشـآت الصناعية,948.0,50.59187906,26.1002888,"26.1002888, 50.59187906"
HUSNI AZZUKA AND PARTNERS FACTORIES,شركة مصانع حسني عزوقة وشركاه,INDUSTRIES,الصناعات,INDUSTRIAL COMPLEXES,المنشـآت الصناعية,948.0,50.59493301,26.10036405,"26.10036405, 50.59493301"
WIRES INTERNATIONAL COMPANY,الشركة الدولية لصناعة شباك الألمنيوم,INDUSTRIES,الصناعات,INDUSTRIAL COMPLEXES,المنشـآت الصناعية,949.0,50.5910344,26.11735237,"26.11735237, 50.5910344"
BAHRAIN ALLOYS MANUFACTURING - BAMCO,البحرين لصناعة السبائك المعدنية - بامكو,INDUSTRIES,الصناعات,INDUSTRIAL COMPLEXES,المنشـآت الصناعية,951.0,50.6028449,26.07832463,"26.07832463, 50.6028449"
BAHRAIN NATIONAL PLASTIC COMPANY (BANAPCO),شركة البحرين الوطنية للبلاستيك - بنابكو,INDUSTRIES,الصناعات,INDUSTRIAL COMPLEXES,المنشـآت الصناعية,951.0,50.59654345,26.07319216,"26.07319216, 50.59654345"
"CROWN COMPANY FOR WASTE RECYCLING ALUMINUM, PLASTIC AND SCRAP",شركة التاج لتدوير مخلفات الألمنيوم والبلاستيك والسكراب,INDUSTRIES,الصناعات,INDUSTRIAL COMPLEXES,المنشـآت الصناعية,951.0,50.60438974,26.07631418,"26.07631418, 50.60438974"
ALUMINIUM BAHRAIN COMPANY - ALBA,شركة ألمنيوم البحرين - ألبا,INDUSTRIES,الصناعات,INDUSTRIAL COMPLEXES,المنشـآت الصناعية,951.0,50.60709031,26.08901537,"26.08901537, 50.60709031"
TURK MECHANICAL INDUSTRIES,شركة ترك الميكانيكية الصناعية,INDUSTRIES,الصناعات,INDUSTRIAL COMPLEXES,المنشـآت الصناعية,951.0,50.60994113,26.07671724,"26.07671724, 50.60994113"
ALUMINUM WHEELS COMPANY,شركة عجلات الألمنيوم الويل,INDUSTRIES,الصناعات,INDUSTRIAL COMPLEXES,المنشـآت الصناعية,951.0,50.60510191,26.07940019,"26.07940019, 50.60510191"
MAGNUM SHIPS CARE SERVICES COMPANY,شركة ماغنوم لخدمات العناية,INDUSTRIES,الصناعات,INDUSTRIAL COMPLEXES,المنشـآت الصناعية,951.0,50.6083221,26.07542109,"26.07542109, 50.6083221"
CLARK INDUSTRIES,كلارك للصناعات,INDUSTRIES,الصناعات,INDUSTRIAL COMPLEXES,المنشـآت الصناعية,951.0,50.59411852,26.06950505,"26.06950505, 50.59411852"
MARKO WOODEN INDUSTRIES,ماركو للصناعات الخشبية,INDUSTRIES,الصناعات,INDUSTRIAL COMPLEXES,المنشـآت الصناعية,951.0,50.59733196,26.06750232,"26.06750232, 50.59733196"
BAHRAIN RECYCLING PLANT - BRP,مصهر البحرين لصهر المعادن,INDUSTRIES,الصناعات,INDUSTRIAL COMPLEXES,المنشـآت الصناعية,951.0,50.60338647,26.0736178,"26.0736178, 50.60338647"
HETHERO ALUMINIUM FACTORY,مصنع هيثرو للألمنيوم,INDUSTRIES,الصناعات,INDUSTRIAL COMPLEXES,المنشـآت الصناعية,952.0,50.62834854,26.08066595,"26.08066595, 50.62834854"
FOREST BREEZE AIR CONDITIONING AND KITCHEN FABRICATION,نسيم الغابة لفبركة القنوات الهوائية والمطابخ,INDUSTRIES,الصناعات,INDUSTRIAL COMPLEXES,المنشـآت الصناعية,952.0,50.62234305,26.07788979,"26.07788979, 50.62234305"
AL MANARATAIN,المنارتين,INDUSTRIES,الصناعات,INDUSTRIAL COMPLEXES,المنشـآت الصناعية,995.0,50.5902235,26.01879533,"26.01879533, 50.5902235"
DAMISTAN SAND WASHING AND DISTRIBUTION FACTORY,مصنع دمستان لغسيل وتوزيع الرمال,INDUSTRIES,الصناعات,INDUSTRIAL COMPLEXES,المنشـآت الصناعية,1012.0,50.48669842,26.13747274,"26.13747274, 50.48669842"
